Produtos,Preços
"Galaxy Tab S7 Fe Lte (wi-fi) 128gb, 6gb Ram, Tela Tft 12.4",2299
"Smartphone E22 128gb 4g 6,5  Hd+ Câmera Dupla 16mp Motorola Cor Preto",729
Smart Tv Thinq Ai 50  4k 50uq801c0sb Mh LG Bivolt,2099
Ar Condicionado Hi Wall LG Dual Inverter Voice 9.000 Btus Frio 220v R-32,2169
Bicicleta Aro 29 Krw Alumínio 24 Vel Freio A Disco X42,873
"Notebook Samsung Book I5 8gb 256gb Ssd 15,6'' Windows 11 Cinza-chumbo",2599
Robô Aspirador Wap Robot W90 3 Modos De Limpeza Fw009026,319
 Moto E22 Dual SIM 128 GB preto 4 GB RAM,729
Smart Tv Uhd 50UR8750PSA 50 Polegadas 4k 2023 LG,2149
"Monitor Gamer LG 22mp410-b 21,5 Full Hd 75hz 5ms Hdmi Va Freesync",473
Mercado Pago: Point Pro2 - A Maquininha De Cartão + Completa,113
Console Playstation 4 E Jogo God Of War Ragnarok Sony Cor Preto,2399
Smartphone Moto E13 64gb 4gb Ram Grafite Motorola,599
"Smart TV P635-Series 50P635 LED 4K 50"" TCL Bivolt",1970
Creatina Monohidratada 500g - 100% Pura Importada Sabor Natural,114
"Notebook Samsung Book Celeron Cinza 4gb 256gb Ssd 15,6'' W11 Cor Cinza/Chumbo",1699
Kit 10 Cueca Boxer Algodão Sem Costura Box Atacado Zorba Box,155
Controle joystick sem fio Microsoft Xbox Xbox Series X|S Controller + USB-C cable carbon black,379
Samsung Galaxy S21 FE 5G (Exynos) Dual SIM 256 GB Branco 8 GB RAM,2099
Smart Tv 32'' Hd Tizen T4300 Samsung Bivolt,1089
Câmera Externa Ip Prova D'água Infravermelho Externa Wifi Hd,135
Modulo Potencia Taramps Ts400 Ts 400 T400 Mono Stereo 4ch,167
Azeite de Oliva Extra Virgem Português Andorinha Clássicos Vidro 500ml,28
"Notebook Gamer Acer An515-57-58g8 Ci5 8gb 512gb 15,6'' W11",4099
Samsung Galaxy A14 Dual SIM 64gb 4gb Ram Prata Cor Prata,719
Smart Tv 50'' 4k Uhd 50cu7700 2023 Preta Samsung,2339
Fritadeira Sem Óleo Air Fryer Afn-40-bft 4l 1500w Mondial Cor Preto 110V,356
Micro-ondas MI41S 31 Litros Prata 31L Electrolux 127V,779
Caixa De Som Boombox 3 Bluetooth Preta Jbl Bivolt Cor Preto 110V/220V,2399
Suplemento Em Pó Dark Lab Creatine Premium Creatina Em Refil De 500g,106
Samsung Galaxy A14 5g 128gb 4gb Ram Preto,999
Smart Tv Ptv32g23agssblh 32'' Android 11 Led Philco 100/240v,969
Monitor 24b1xhm Adaptive-sync 24'' 75hz Preto Aoc Bivolt 110V/220V,549
Micro-ondas MEO44 Branco 34 Litros Electrolux 220V,679
Fritadeira Sem Óleo Air Fryer Afn-40-bft 4l 1500w Mondial Cor Preto 220V,356
Parafusadeira Furadeira A Bateria 12v Wap Bpf12k2 Kit Maleta,168
Samsung Galaxy A23 5G Dual SIM 128 GB awesome 4 GB RAM black,1169
"Smart TV LG 32LQ621CBSB .AWZ LED webOS HD 32"" 100V/240V",1129
Micro-ondas Consul 32 Litros com Função Tira Odor CMS46AR Cinza com Frente Espelhada 110V,699
Impressora a cor multifuncional Epson EcoTank L3250 com wifi preta 110V,1059
Fritadeira Air Fry Oven Bfr2100p 12 Litros 1800w Britânia Cor Preto 220V,699
Samsung Galaxy M54 5G Dual SIM 256 GB prata 8 GB RAM,1781
Smart Tv 50'' Qled 4k 50q60c 2023,2610
Máquina de lavar automática Panasonic NA-F120B1T titânio 12kg 127 V,1869
Vaso Sanitário Monobloco Completo - Caixa Acoplada Privada,529
Micro-ondas MEO44 branco 34L Electrolux 127V,679
Samsung Galaxy A14 128gb 4gb Ram Prata Cor Prateado,939
Smart Tv Led 43'' Full Hd Roku Tv Wifi R6500 Semp,1599
Samsung Galaxy A14 128gb 4gb Ram Prata Cor Prateado,939
Smart Tv Led 43'' Full Hd Roku Tv Wifi R6500 Semp,1599
"Ventilador de teto Ventisol Fênix branco com 3 pás de  plástico, 96 cm de diâmetro 127 V",204
Notebook Acer Nitro 5 An515-58w3 I5 8gb 512gb Rtx3050 15.6,4279
Papel Hig Folha Dupla Neutro Personal Vip Leve 16 Pague 15,19
Galaxy Watch4 Bt 40mm Cor da caixa Black Cor da pulseira Black Cor do bisel Preto,785
Impressora Multifuncional Epson Tanque De Tinta L3250 Wifi Cor Preto 100V/240V,999
Tv Smart LG Led 43 4k Al Thinq 43ur781c Wi-fi Bluetooth Alexa 100v/240v,1789
Smartphone Moto E13 64gb 4gb Ram Verde Motorola,722
Módulo Amplificador Taramps Hd3000 3000w Rms 1 Canal 2 Ohms,529
Maquina Acabamento Recarregável Detalhe Cabelo Barba Sem Fio,37
Monitor Gamer Lf24t350 Led 24'' Azul-escuro Acinzentado Samsung 100v/240v,589
Samsung Galaxy Watch5 Bt 44mm Cinza Escuro Cor da caixa Cinza-escuro Cor da pulseira Cinza-escuro Cor do bisel Cinza-escuro,1233
Smart Tv 43pfg6918/78 Full Hd 43'' Google Tv Philips Bivolt,1487
Samsung Galaxy Tab S6 Lite 128gb 4gb Ram Cinza,1899
 Smartphone Motorola Moto G84 5G Dual SIM 256 GB Viva magenta 8 GB RAM,1689
Cadeira de escritório TGT Heron TC TGT-HRTC gamer ergonômica  preto e cinza com estofado de couro sintético,370
Pneu Toro Aro 18 Michelin Pilot Sport 4 Suv - 225/60 R18,1421
Cafeteira Nescafé Dolce Gusto Genio S Basic Dgs1 Branca Cor Branco 110V,399
Smart Tv 50'' Crystal Uhd 4k 50cu8000 2023 Preta Samsung,2349
Webcam C920s Pro Full Hd Com Microfone Embutido Logitech,382
Apple iPhone 13 (128 GB) - Estelar - Distribuidor autorizado,4249
Playstation 5 825gb Disco + Bundle Ea Sports Fc 24 Midia Física Cor Branco E Preto Sony Bivolt,4298
Suplemento em pó Max Titanium Creatina Monohidratada Sem Sabor em pote de 300g,78
Sabão Liquido Omo Pro Lavanderia Profissional 7 L,72
All In One LG Celeron 22 Pol Fhd Ssd 128gb 8gb Win 11 Home,1699
"Fritadeira sem óleo Arno Airfry Easy Fry com 3,2 litros Hot Air e Cesto Removível Vermelha EZFV",269
Samsung Galaxy A14 4G (Exynos) Dual SIM 128 GB preto 4 GB RAM,929
"Smart TV Samsung BET-B HD 32"" Bivolt",1099
Bicicleta ergométrica dobrável WCT Fitness 10100017 vertical cor preto,1379
"Furadeira martelete parafusadeira sem fio de 13mm Stanley SCD711C2K 20V + 2 baterías de 1.5Ah com maleta de transporte
",669
"Liquidificador Turbo Power L-99 Fb 2,2l 550w Preto Mondial 110V",117
Purificador De Água Branco Midea Bivolt,339
Samsung Galaxy M14 5G 5G Dual SIM 128 GB silver 4 GB RAM,899
Smart Tv Led 32'' Com Roku R6500 Dual Band Semp Bivolt,1129
"Mesa Dobrável Vira Maleta Com Alça 1,80 Cor Branco",364
Micro-ondas Panasonic 21l 700w Branco Espelhado Nn-st27lwru 127V,572
Impressora Multifuncional Hp Smart Tank 581,880
Kit Com 10 Cuecas Boxer Algodão Sem Costura Zorba 781,154
Fast Smart Tv Britânia Btv40e3aagssgblf 40 Led Dolby Áudio,1229
Cafeteira Nescafé Dolce Gusto Genio S Plus Dgs2 Preta Cor Preto 110V,459
Micro-ondas Consul CMA20BB branco 20L 127V,529
Samsung Galaxy A34 5G Dual SIM 128 GB violeta 6 GB RAM,1639
Smart Tv 43'' Samsung T5300 Full Hd Tizen Hdmi Usb,2042
Lavadora de alta pressão Wap Ousada Black 2200 preta e amarela de 1500W com 1750psi de pressão máxima 220V,478
Aspirador de Pó e Água e Soprador Limpa Carpetes e Pisos WAP GTW Inox 12 1400W 127V,395
Micro-ondas Electrolux MB37R   branco 27L 127V,619
Módulo Taramps Ts400 Digital Amplif 400w Rms 4 Canais 2 Ohms,173
Micro-ondas Electrolux MB37R   branco 27L 127V,619
Módulo Taramps Ts400 Digital Amplif 400w Rms 4 Canais 2 Ohms,173
Fritadeira Air Fry Ffr27p Fama 110v,239
Ar Condicionado Split Samsung Wfree S/vento Frio 12.000 220v Cor Branco,2499
Prateleira De Ferro E Madeira Estilo Industrial Sala Quarto,375
Creatina Monohidratada 250g - 100% Pura Importada,62
Controle joystick sem fio Sony PlayStation DualSense CFI-ZCT1W white e black,405
Samsung Galaxy A14 (Exynos) 5G Dual SIM 128 GB Prata 4 GB RAM,1252
Fritadeira Air Fryer Air Flow Bfr21p 4 Litros Britânia 110v Cor Preto,299
Smart Tv 43'' 4k UHD ThinQ Ai WebOS 43ur7800 HDR 10 Pro LG Bivolt,1999
Câmera Ip Segurança Lâmpada Yoosee Panorâmica Wifi1080 Espiã,64
Azeite de Oliva Extra Virgem Terras de Camões Vidro 500ml,25
Fralda Confort Sec G Com 70 Unidades Pampers Gênero Sem gênero Tamanho Grande (G),86
"Smartphone Samsung Galaxy A03 Core Tl 6,5 32gb 2gb Ram Preto",579
Parafusadeira Furadeira 12v 3/8 Litio Biv C/ Maleta Frequência 60 Voltagem 110v/220v,158
Filtro Purificador De Água Gelada Electrolux Grafite Bivolt,699
Smart Tv 50'' 4k Led Roku Ptv50g70r2cbbl Philco Bivolt,1879
Kit 6 Pares Meias Lupo Soquete Cano Baixo Academia Original,58
Aspirador De Pó Vertical 3 Em 1 High Speed Plus 1350w Wap Cor Vermelho e cinza 110V,178
Smartphone Moto G53 5g 128gb Grafite,1058
Câmera de segurança Intelbras iM3 com resolução de 2MP visão nocturna incluída branca,230
"Notebook Lenovo Ideapad 1i Intel Celeron N4020, 4gb Ram, 128gb Ssd, Tela De 15.6, W11, Com 1 Ano Microsoft Office 365 Personal, 82vx0001br",1499
Creatina 300g - Integralmedica Sabor Neutro,74
Panela De Pressão Elétrica Electrolux 6l Branca Experience P,424
Máquina de lavar automática Electrolux Premium Care LEC17 branca 17kg 127 V,2311
Samsung Galaxy S23 Ultra 5G Dual SIM 256 GB Preto 12 GB RAM,5999
Smart Tv Dled 43 Full Hd Multi Android 3hdmi 2usb - Tl046,1299
"Notebook Dell Inspiron I15-i1100-a58pf I5 16gb 512gb 15,6'' W11 Home Preto",3699
Refis Para Aparelho De Barbear Mach3 16 Unidades Gillette,79
Fone De Ouvido Bluetooth 5.0 Par Sem Fio Duplo,60
Mouse Sem Fio Mx Master 3s Cinza Escuro Logitech Cor Cinza-escuro,590
Samsung Galaxy S21 Fe 5g 128 Gb 6gb Ram Branco Cor White,1899
Combo Super Mario Bros Wonder E Mario Rabbids Sparks Of Hope,457
Panela De Pressão Elétrica Pcc20 6l Inox Experience por Rita Lobo Preta Electrolux 127V,576
Kit 3 Calça Jeans Skinny Masculina Com Lycra Estica Muito Nf,167
"Monitor gamer LG UltraWide 29WL500 led 29"" preto 100V/240V",1086
Mesa Dobravel Portatil Vira Maleta Camping Praia 90x60 Cor Branco,133
Samsung Galaxy M14 5G 5G Dual SIM 128 GB blue 4 GB RAM,899
Fone De Ouvido Com Bluetooth Tune 520bt Jblt520btwht Branco Jbl,223
Purificador De Água E-due Equilibrium Branco Ibbl Bivolt,349
"Notebook Multilaser Ultra UB235, Intel Celeron N4020, 4GB, 120GB SSD, Tela 14.1"", Windows 11 Home, Intel UHD Graphics 600 1366x768px",949
Super Mario Bros Wonder Switch Midia Fisica,349
Kit 5 Manta Asfáltica Telhado Auto Adesiva Veda - 90cm X 10m,759
"Moto E13 64gb, 4gb Ram, Octa-core| Tela De 6.5  Hd+ Cam 13mp Cor Off white",599
Kit Whey Protein 2kg + Bcaa + Creatina + Shaker,90
Máquina de lavar automática Electrolux LAC12 branca 12kg 127 V,1799
Barbeador e cortador de cabelo Mondial Super Grooming BG-03  preto e azul 110V/220V,119
Realme C55 Dual Sim 256 Gb Sunshower 8 Gb Ram,1079
Barbeador e cortador de cabelo Mondial Super Grooming BG-03  preto e azul 110V/220V,119
Realme C55 Dual Sim 256 Gb Sunshower 8 Gb Ram,1079
Multifuncional / Impressora HP Deskjet Ink Advantage 2774 (Wifi | Bivolt),339
Chapinha de cabelo Lizze Profissional Extreme cinza 127V,419
"Smartwatch W68+ Ultra Series 8 Nfc Tela 2,02 Lancamento Novo",157
Kit 5 Camisetas Básicas Masculina Dry Fit Lisa Tradicional ,68
Amplificador Taramps Ds800X4 800w 2 ohms Ds 800x4 Módulo Som,389
iPhone 13 De 128 GB Cor Meia Noite Apple - Distribuidor autorizado,4249
"Monitor gamer LG 24MP400 LCD 23.8"" preto 100V/240V",585
Aspirador de Pó e Água com Bocal de Sopro e Filtro Lavável Wap Gtw Inox 20 60Hz 1600W 127V,438
Purificador De Água Pure 4x Pe12g Cinza Electrolux Bivolt,629
Impressora a cor multifuncional Canon Pixma G3110 com wifi preta 110V/220V G3110,775
Kit 2 Travesseiros Select Fibras Luxo Fibra Antialérgica Cor Branco,74
"Smartphone Samsung Galaxy M34 5g, 128gb, 6gb, Tela 6.5 Cor Prata",1259
Fralda Descartável Pants Ajuste Total Com 78 unidades Tamanho XXG Pampers,114
Ventilador De Parede E Mesa 180w 50cm 2 Em 1 Wap Flow Turbo 110V,199
Vaso Sanitário Monobloco Completo - Caixa Acoplada Privada,579
Aspirador De Pó Turbo Cycle Ap-34 800w Branco e Lilás Mondial  110V,128
Fogão cooktop gás Itatiaia NG 5 bocas preto 127V/220V,431
 Motorola Moto E22 Dual SIM 128 GB azul 4 GB RAM,1199
Volante Gamer G29 Driving Force Preto Logitech,1720
Cafeteira Espresso Lov Automática Preta 3 Corações 110v,369
Monitor Lcd Full Hd Antirreflexo 21.5  Lenovo Thinkvisio Cor Preto 100V/240V,459
Chapinha de cabelo Lizze Profissional Extreme cinza 220V,419
Samsung Galaxy A04e Dual SIM 64 GB light blue 3 GB RAM,625
Carabina Espingarda De Pressão Cbc New Jade 5.5+kit Completo,814
Tv Smart Philco Led 32  Android Tv  Ptv32m8gagcmblh,969
Kit Eletrificado Trilhos 2m + 6 Spots Led 30w Preto Neutro,186
Cafeteira Nescafé Dolce Gusto Arno Mini Me automática preta para cápsulas monodose 127V,399
Furadeira parafusadeira sem fio de 13mm DeWalt DCD7781D2-B2 20V + 2 baterías de 2Ah + accesorios com maleta de transporte 110V/220V,1099
Samsung Galaxy S21 Fe 5g 6.4'' 128gb 6gb Preto,1893
Geladeira Consul CRD37 branca com freezer 334L 127V,2279
Suplemento Em Pó Dark Lab Creatine Premium Creatina Em Pote De 300g,91
Roçadeira Gasolina Toyama Rt52l 2hp 52cc Kit Fio De Nylon,747
Filtro De Linha Iclamper Energia 5 Tomadas Régua de Proteção Surtos Elétricos E Raios Dps,59
Notebook Asus Vivobook M1502ia-ej251 R5 8gb 256ssd Linux Cor Icelight silver,2349
Samsung Galaxy M54 5G Dual SIM 256 GB azul 8 GB RAM,1781
Geladeira frost free Electrolux TF39 inox com freezer 310L 127V,2849
Suplemento em pó Black Skull Creatine Turbo creatina em pote de 300g,35
Vaso Sanitário Monobloco Completo - Caixa Acoplada Privada,599
Placa De Vídeo Geforce Gtx 1660 Super 6gb 192bits Gdrr6,1129
Smart Tv 32'' Hd Assistentes Integrados 32lq620 LG Bivolt,1399
Micro-ondas Philco Branco PMO23BB 20L 127V,589
Máquina de solda inverter Boxer Touch 150 BV branca e azul 110V/220V,581
"Monitor gamer LG UltraWide 29WK600 led 29"" branco e preto 100V/240V",1185
Samsung Galaxy A04e 64gb 3gb Ram Octa-core Tela 6.5'' Cor Cobre,625
Fritadeira Sem Óleo Air Fryer 4 L Afn-40-bi Preta Mondial Cor Preto 110V,369
Notebook Lenovo Ideapad 1 R5 8gb 256gb 15.6  82x5s00100,2149
Fritadeira Sem Óleo Air Fryer 4 L Afn-40-bi Preta Mondial Cor Preto 110V,369
Notebook Lenovo Ideapad 1 R5 8gb 256gb 15.6  82x5s00100,2149
Caixa De Som Party Box Encore 2 Microfones Preta Jbl Cor Preto 110V/220V,2199
Lenços Umedecidos Huggies Max Clean Lv 4 Pg 3 - 192 Unidades,34
Kit 12 Cuecas Masculinas Boxer Polo Wear,129
Samsung Galaxy M14 5G 5G Dual SIM 128 GB dark blue 4 GB RAM,899
"Persiana Horizontal Bambu 50mm Tabaco 1,40 (l) X 1,40 (a) M",480
Fritadeira Oven Fryer Sem Óleo Forno 3 Em 1 Ofrt780 12 Litros Oster 127v,736
"Tablet  Samsung Galaxy Tab S S6 Lite SM-P619 10.4"" 128GB angora blue e 4GB de memória RAM",2599
Fechadura Digital De Sobrepor Intelbras Fr 101,382
Samsung Galaxy A04s 64gb 4gb Ram Preto,709
Combo Teclado E Mouse Com Fio Usb Mk120 Preto Logitech,95
Conjunto Panelas 17 Pc Antiaderente Brinde Panela Pressão,374
Aparelho Medidor De Pressão Arterial Digital De Pulso G-tech Gp400 Branco,69
"Smart TV LG AI ThinQ 43LM631C0SB LED webOS Full HD 43"" 100V/240V",1679
"Samsung Galaxy A34 5G Tela de 6,6'' 128GB Preto 6GB Ram",1549
Forno Elétrico Bfe50b Branco Britânia 220v,419
Furadeira E Parafusadeira De Impacto 1/2  Bosch Gsb 180 Li 18v Com Carregador Bivolt Bateria E Maleta,599
Smart Box Android Tv Izy Play Intelbras Conversor Smart Tv,284
Micro-ondas 32 L Com Menu Gourmet Bms46ar Cinza Brastemp 110V,862
Cerveja Heineken Premium Puro Malte 350ml Sleek caixa 12 unidades,53
Samsung Galaxy A04s Dual SIM 64 GB black 4 GB RAM,709
Smart Tv 40'' Androidtv Ptv40e30agsf Led Dolby Áudio Philco ,1399
Air Fryer Mondial Fritadeira Elétrica Sem Óleo 5litros 1900w,426
Cadeira Escritório Preta Giratória Diretor Com Base Cromada,191
Caixa De Som Portátil Bluetooth Go Essential Preta Preto Jbl Bivolt,179
Fritadeira Elétrica Gaabor 4l Sem Óleo Air Fry 1400w 110v ,295
"Smartphone Moto G14 Dual SIM 6,5"" 128gb 4gb RAM Grafite Motorola",879
"Smart TV Philco Smart Tv Series PTV42G52RCF LED Roku OS Full HD 42"" 110V/220V",1399
Notebook Ultrafino Ideapad 3 R7 12gb 512gb Linux 82mfs00600 Cor Cinza,2698
Lavadora De Alta Pressão 1500w 1750psi Wap Ousada Plus 2200 110V,449
Micro-ondas MI41S Prata Espelhado 31L Função Tira Odor Electrolux 220V,779
Alto-falante JBL Boombox 3 portátil com bluetooth Squad 100V/240V,2364
Samsung Galaxy S21 Fe 5g 256 Gb 8gb Ram Verde,3221
Whey Protein Isolado Iso Blend Complex 2kg - Pretorian Sabor Cookies E Cream,97
Barbeador e cortador de cabelo Philips Series 3000 MG3721  branco 100V/240V,139
Escada de alumínio tesoura Real Escadas 006 prateado/azul,147
Micro-ondas Panasonic  St25l 21l 700w Branco Nn-st25lwru 127V,549
Smart Tv LG 43 4k Uhd Hdr Led Wi-fi Bluetooth Google Alexa,1749
Samsung Galaxy A04s Dual SIM 64 GB white 4 GB RAM,709
Espelho Redondo Decorativo Adnet Escandinavo 60cm + Suporte,138
Notebook Acer Asp3 A315-510p-34xc I3 8gb 256gb Ssd 15.6 W11,2329
Smartwatch Galaxy Watch6 Bt 40mm Grafite Samsung Desenho da pulseira Liso,1499
Máquina Solda Mig 150a Sem Gás 3 Em 1 Tig Lift Eletrodo 220v Cor Laranja Frequência 50 Hz/60 Hz,893
Smart Tv Led 32'' S5400af Fhd Android Tv Tcl Bivolt,1199
Samsung Galaxy A24 128 GB preto 4 GB RAM,1069
Fogão cooktop gás Philco Branca PCT04I prateado 127V/220V,419
Suplemento em pó Max Titanium  100% Whey proteínas 100% Whey sabor  cookies & cream em sachê de 900g,78
Suplemento em pó Max Titanium  100% Whey proteínas 100% Whey sabor  cookies & cream em sachê de 900g,78
Jogo De Ferramentas Kit 129 Peças C/ Maleta + 40 Peças,119
Aspirador De Pó Robô 3 Em 1 Robot W100 Preto Wap Bivolt 110V/220V,479
"Notebook Asus Vivobook 15 Core I3 8gb 256ssd W11 15,6 Prata Cor Prateado",2099
Samsung Galaxy A04e 64 GB preto 3 GB RAM,625
Kit 3 Calças Jeans Masculina Modelo Slim Envio Imediato,164
Lavadora de alta pressão Philco PLA3100 azul de 1800W com 2100psi de pressão máxima 127V,498
Transformador 5000va V&m Bivolt 110 220 E 220 110 12000 Btus,206
Kit 10 Cuecas Boxer Adulto Masculinas Adulto Box + 12 Meias,115
Kit 2 Pneus Xbri Lt 265/65 R17 10pr 120/117s Tl Brutus T/a,2038
 Moto G84 5G Dual SIM 256 GB cinza-escuro 8 GB RAM,1689
Kit 9 Pares Meias Puma Sapatilha Cano Baixo Atacado Original,69
Notebook Acer Aspire 3 A314-35-c1w1 Celeron 4gb 128gb Sdd,1549
Kit 10 Cuecas Box Boxer Estampadas Masculino Atacado Revenda,46
Micro-ondas Electrolux Micro-ondas MTO30   branco 20L 220V,569
Samsung Galaxy M54 5G Dual SIM 128 GB prata 8 GB RAM,1619
Impressora a cor multifuncional Epson EcoTank L3250 com wifi preta 220V,1199
Short Praia Masculino Bermuda Verão Academia Treino Corrida,34
Camera Ip Segurança Lampada Panoramica Wifi Espia C/rastreio,59
Micro-ondas Philco PMO23EB   branco 20L 220V,593
Samsung Galaxy A34 5G 128 GB 6 GB RAM Prata,1639
Liquidificador Turbo 1200w 3l Inox L-1200 Preto 110v Mondial,165
Cabeceira Cama Box Casal Estofada Varias Cores 140 Black,74
Fone de ouvido on-ear sem fio JBL Tune 520BT preto,239
Kit Com 5 Camisetas Masculinas Básicas Hering,119
Arvore De Natal Elegante Luxo Cheia Gorda Decoração Promoção,224
Pneu Goodyear Direction Sport P 185/60R15 88 H,467
Refletor Led 100w Smd Prova D´água Ip66 Holofote 6500k ,38
Fone De Ouvido Tune 520bt Preto Jbl,206
Vinho Francês Rosé Piscine Stripes garrafa 750ml,63
Kit com 6 Detergentes Líquido Neutro Ypê 500ml com 10% de Desconto,10
 Moto G53 5G (eSIM) Dual SIM 128 GB grafite 4 GB RAM,1199
Samsung Galaxy Tab S6 Lite 64gb 4gb Ram Android Cor Cinza,1699
Tv Smart Philco 43  Ptv43g7er2cpblf Led Roku Wifi Dolby Áudio 110v/220v,1427
Câmera De Segurança Externa Wi-fi A18 Visão Noturna Colorida,157
Suplemento em pó Integralmédica  Nutri Whey Protein proteínas Nutri Whey Protein sabor  chocolate em sachê de 907g,44
"Sabão Em Pó Sanitizante Lavagem Perfeita 2,2kg Omo",24
Samsung Galaxy A14 4G Dual SIM 64 GB black 4 GB RAM,799
Alto-falante Mondial Connect Power Plus CM-550 com bluetooth 127V/220V ,565
Vitafor Creatine 300g,93
"Access point, Roteador, Sistema Wi-Fi mesh TP-Link Deco M5 branco 100V/240V 3 unidades",1002
Samsung Galaxy M54 5G Dual SIM 128 GB azul 8 GB RAM,1619
Inalador a Ar Comprimido Omron Inalar branco 127V/220V,183
Cadeira de escritório Pctop Office Fit 1001 9050 gamer  preta com estofado de mesh y tecido,188
"Notebook Samsung Book Intel Core I3 256gb Ssd 4gb Ram 15,6'' Windows 11 Home",2099
"Liquidificador L-550 Easy Power 550w 1,5l Preto Mondial 220v",89
 Moto G73 5G Dual SIM 128 GB azul 8 GB RAM,1169
"Smartphone Samsung Galaxy M34 5g, 128gb, 6gb, Tela 6.5 Cor Azul",1259
 Moto G73 5G Dual SIM 128 GB azul 8 GB RAM,1169
"Smartphone Samsung Galaxy M34 5g, 128gb, 6gb, Tela 6.5 Cor Azul",1259
 Moto G53 5G (50 Mpx/2 Mpx) Dual SIM 128 GB rosê 4 GB RAM,1027
 Moto G53 5G (50 Mpx/2 Mpx) Dual SIM 128 GB prata 4 GB RAM,1027
 Moto G73 5G Dual SIM 128 GB branco 8 GB RAM,1169
Motorola Moto G54 5G Dual SIM 256 GB azul 8 GB RAM,1599
Samsung Galaxy A24 Dual SIM 128 GB prata 4 GB RAM,1069
Notebook Acer A315-24p-r611 R5 8gb 256gb Ssd 15.6'' Windows 11 Home 64bits Prateado,2469
Monitor Tela 24 Full Hd Ips Samsung Com Ajuste De Altura e Inclinação,869
Cabo + Fonte Compatível iPhone SE X Xr 11 12 13pro 14 Usb-c,80
Fritadeira Elétrica Air Fry Britânia Oven Bfr2100p 127v,699
"Notebook Samsung Book Intel Core I5 Windows11 8gb, 512gb Ssd",2749
Fone Ouvido Bluetooth Compativel Com Samsung Xaiomi iPhone,78
"Smart TV Samsung LH50BEAHVGGXZD LED Tizen 4K 50"" 110V/220V",2299
Motorola Moto G23 Dual SIM 128 GB azul 4 GB RAM,873
Máquina de lavar semi-automática Mueller Big - 20kg branca 127 V,569
Papete Feminina Plataforma Strass Brilho Moda Luxo Verão 187,86
Lavadora De Alta Pressão Karcher K2 Plus 1740psi 1400w,519
"Panela De Pressão Tramontina Vancouver 4,5 Litros Alumínio Cor Vermelho",193
Whey Protein Isolado Iso Blend Complex 2kg - Pretorian Sabor Chocolate,97
Secador de cabelo Mondial Max Travel SC-10 vermelho e preto 110V/220V,61
Caneta Pencil Wb Compatível C/ iPad Com Palm Rejection 1.0mm,199
Ventilador Mesa Arno Ultra Silence Force Repelente 40cm Vd55 Cor da estrutura Preto 220V,199
Notebook Acer A315-24p-r3tv Ryzen 3 4gb 256gb Ssd W11 15.6 Cor Prata,1959
Samsung Galaxy A24 128 GB Prata 4 GB RAM,1099
Nintendo Switch OLED 64GB Standard cor  branco e preto,2139
Câmbio Driving Force Shifter Preto Logitech,349
"Notebook Lenovo Ideapad 3i I3 4gb 256gb Ssd 15,6'' W11 Cinza",2099
Monitor Led Hd 19.5'' Hdmi Vga 20mk400h-b Preto LG 110V/220V,420
Notebook Samsung Galaxy Book Go Snapdragon® 7c 4gb Ssd 128gb 14  Full Hd Led,1499
"Monitor AOC Serie 70 E2270SWHEN led 21.5"" preto 100V/240V",439
Samsung Galaxy A04s  64gb 4gb Ram Branco,715
Fogão  de pé Atlas Mônaco Plus  4Q a gás/elétrico 4 queimadores  branco 127V/220V porta com visor 50L,587
60 Cabides Pretos Antideslizante Reforçado Atacado,57
Sérum Antirrugas Revitalift Retinol Noite 30ml L'oréal Paris Tipo de pele Todo tipo de pele,120
Máquina de lavar semi-automática Colormaq LCS - 14kg branca 127 V,519
Placa De Vídeo Geforce Rtx 2060 Super 8gb 256bits Gddr6,1499
 Moto G23 128 GB grafite 4 GB RAM,949
Smartphone Motorola Edge 40 Neo 5g 256gb 8gb - Black Beauty,2429
"Fritadeira Airfryer Efficient 3,2l Eaf10 Preta Electrolux Cor Preto Frequência 60Hz 110V",348
Camisas Segunda Pele Proteção Solar Uv Termicas Corrida Bike,34
Vinho Cartuxa Ea Tinto 750 Ml,52
Samsung Galaxy A23 5G Dual SIM 128 GB awesome white 4 GB RAM,1199
Kit Roteador Wireless Deco M4 Ac1200 Tp-link 02 Unidades,549
Headset Gamer Para Consoles E Pc Driver 40mm Quantum 100 Jbl Cor Preto Cor da luz n/a,149
Kit 6 Cuecas Boxer Lupo Masculina Box Microfibra Original,139
Aspirador De Pó E Água Portátil 1400w Wap Gtw Compact 220v,239
Impressora função única HP LaserJet 107a branca e preta 110V - 127V,799
Impressora função única HP LaserJet 107a branca e preta 110V - 127V,799
Manta Asfáltica Auto Adesiva Aluminizada 90cm X 10m,170
Tv Led 39'' Ptv39n87d Philco Bivolt,999
Cooktop Dako Supreme A Gás 4 Bocas Automático E Tripla Chama Bivolt,587
Moto E13 32 Gb Cor Verde,598
Whisky Escocês 12 Anos 1 Litro Chivas Regal,119
Lavadora De Alta Pressão Karcher K3 Force Car 1815psi 1500 W Cor Amarelo/Preto Frequência 60 Hz 127V,819
"Smart TV Philco Ptv32m8gagcmblh LED Android TV HD 32"" 110V/220V",969
Ventilador De Mesa Super Powe Vsp-30-b 30cm 6 Pás Mondial Cor da estrutura Preto Cor das pás Preto 127V,142
Whey Protein Isolado Iso Blend Complex 2kg - Pretorian Sabor Baunilha,97
Tablet Infantil Mickey 7 Wi-fi 32gb Nb367 Multilaser Cor Preto,379
Kit 4 Refletor Led 100w Holofote Bivolt Prova Dagua Frio,101
Notebook Hp 240 G8 Core I5 1135g7 8gb 256gb Ssd Win 11 Pro,2999
Processador Amd Ryzen 7 5700x Am4 4.6ghz 100-100000926wof,1338
Vinho Casillero Del Diablo 2019 Adega Concha Y Toro 750 Ml,39
Controle joystick sem fio Microsoft Xbox Wireless Controller Series X|S robot white,369
Aspirador Robô Bas03v Função Mop Vermelho Britânia Bivolt 110V/220V,329
Chocolate Baton Ao Leite Garoto Caixa 30x16g - Atacado,28
Cadeira Secretária Giratória De Escritório Ergonômica Mesh Cor Preto,293
Balança Digital Corporal Bioimpedancia Aplicativo Bluetooth,143
Capacete Helt Hippo Glass Robocop Com Óculos,572
"Notebook Multilaser Legacy Book PC250 preta 14.1"", Intel Celeron N3350  4GB de RAM 64GB SSD, Intel HD Graphics 500 1366x768px Windows 10 Home",899
Tênis Fila Original V Track Masculino 3.0 Treino Running ,184
Tênis Branco Lançamento Original Confortável,74
Licor creme de morango com tequila Ballena 750ml,122
Panettone com Frutas Cristalizadas e Uvas-Passas Bauducco Caixa 400g,20
 Moto G23 Dual SIM 128 GB branco 4 GB RAM,937
Combo Whey Protein Turbo + Bcaa + Creatina - Black Skull,109
Notebook Acer Nitro 5 54uh Ci5 W11 8gb 512gb Rtx3050 15.6,4349
Nescafé Dolce Gusto Arno Genio S Plus Multibebidas Digital Automática Vermelha DGS3 110V,459
Notebook Vaio Fe15 8gb Ram 512gb Ssd Core I5 W11 Grafite,2688
Placa-mãe Gigabyte P/ Amd Am4 B450m Gaming 2xddr4 Matx,619
Ar-condicionado Hw LG Dual Inverter Voice 12000 Btu R32 Frio 220v,2499
"Nintendo Switch 32GB Mario Kart 8 Deluxe cor  vermelho-néon, azul-néon e preto",2139
Fraldas Descartáveis Premium Care Tamanho XXG Com 56 Unidades Pampers,99
Cartão De Memória Sandisk Ultra 100mb/s 64gb P/câmeras Wi-fi,47
"Notebook Asus Vivobook 15 Core I5 8gb 512ssd W11 15,6  Prata Cor Prateado",2608
"Notebook Multilaser Ultra UB240 preta 14.1"", Intel Celeron N4020  4GB de RAM 128GB SSD, Intel UHD Graphics 600 1366x768px Windows 11 Home",999
Pneu Itaro IT301 P 215/55R17 98 W,402
Motorola Edge 30 Ultra 256 GB white 12 GB RAM,3494
Notebook Vaio Fe15 Ryzen7 16gb 512gb Ssd Linux Prata Titânio,2999
Tablet M7 Nb360 3g Wi-fi 1gb 32gb Preto Multilaser,299
Fogão Cooktop Fischer 1Q Indução 26884 - 59097 preto 220V,399
Samsung Galaxy S20 FE 5G Dual SIM 128 GB 6 GB RAM Cloud Navy,2099
Notebook Lenovo Thinkpad L14 G1 Amd Ryzen 3 Pro 4450u 8gb Ssd 256gb M.2 14'' Led Freedos - 20u6s4ks00,2199
Nebulizador sem fio de rede Multilaser Air Mask branco 110V/220V,112
Smart Tv Led 65 Ultra Hd 4k LG 65ur871c0sa Thinq Ai 3 Hdmi 2 Usb Wi-fi Bluetooth Hdr10,3339
Notebook Gamer Acer Nitro 5 An515-45-r1fq Amd Ryzen 7 Windows 11 Home 8gb 512gb Ssd Gtx 1650 15.6 Polegadas,4099
Smartphone Motorola Moto G54 5g 256gb 8gb Ram 6.5 Azul-vegan,1499
Notebook Gamer Acer Nitro 5 An515-45-r1fq Amd Ryzen 7 Windows 11 Home 8gb 512gb Ssd Gtx 1650 15.6 Polegadas,4099
Fralda G Tripla Proteção 36 Unidades Huggies Gênero Sem gênero Tamanho Grande (G),28
"Fogão cooktop elétrica, gás Itatiaia Itamaster preto 127V/220V",585
Pneu Itaro IT301 P 185/35R17 74 V,279
Furadeira Parafusadeira Bateria + Jogo Ferramentas 300 Peças,146
Parafusadeira Furadeira Impacto 2 Baterias 21v Maleta Kit,279
Jogo Talheres Churrasco Jumbo Polywood 12 Peças Tramontina,159
Aspirador De Pó E Líquido 1.400 Watts Gtw Compact Wap,239
Note Gamer Acer An515-57-57xq Ci5 8gb 512gb Ssd 15.6 Linux,3799
Placa de vídeo Nvidia Afox  GeForce 700 Series GTX 750 AF750-4096D5L4 4GB,459
Bebê Reborn Baby Boneca Cabelos Castanhos + Enxoval Completo,171
Camiseta Térmica Proteção Solar Uv Academia Treino Caminhada,33
Geladeira Crm56fk Painel Eletrônico 451 Litros Inox Consul Cor Cinza 110V,3899
Cartão Memória Sandisk Ultra 32gb 100mb/s Classe 10 Microsd ,38
Smart Tv 43 Britania Btv43g7pr2csblf Roku Tv Led Full Hd Dolby 110v/220v,1393
Máquina de lavar automática Panasonic NA-F120B1WA titânio 12kg 127 V,1919
Smart Tv Samsung Tizen 50'' Led Uhd Crystal 4k Hdr10+ Wi-fi Bluetooth - Lh50bechvggxzd 110v/220v,2399
Alto Falante Sub Pioneer Tsw3060br 12,323
"Tablet  Samsung Galaxy Tab A A7 Lite SM-T225 8.7"" 32GB cinza e 3GB de memória RAM",919
Micro-ondas Philco Branco PMO23BB PMO23BB   branco 20L 220V,589
Fogão cooktop gás Fischer Fit Line 26343-57174 preto 127V/220V,649
Forno de bancada elétrico Nardelli Top 60 60L preto 127V,599
Ventilador De Torre Arno Eole Infinite Neol Preto 110V,579
Console Sony Playstation 5 Standard Edition + Jogo Malvel's Spider Man 2 Ps5,4489
Motorola Edge 30 Ultra Dual SIM 256 GB white 12 GB RAM,3845
Micro-ondas Philco PMO28   prata 28L 127V,689
Caixa De Som Bluetooth Xtreme 3 50w À Prova D'água Preta Jbl 110V/220V,1219
Micro-ondas LG MS3091B   branco 30L 127V,679
Notebook Acer Gamer An515-57 Ci7_h 8gb Gtx1650 512ssd Linux,4099
"Nintendo Switch 32GB Standard cor  vermelho-néon, azul-néon e preto",1969
"Smart TV Philco Smart PTV65G3BGTSSBL QLED 4K 65"" 110V/220V",3199
Smart Tv Britânia 40'' Btv40g7pr2csblf Led Dolby Audio Hdmi ,1239
Micro-ondas Midea 20 Litros Branco Mrab21  127 Volts,539
Sapato Feminino Tenis Esportivo Ortopédico Esporão E Facite,94
Tênis Para Academia Original - Esportivo,67
Xarope Italiano Dilute Premium 500ml Vários Sabores,27
Camisa Térmica Voker Academia Proteção Solar Uv Dry Fit,34
Impressora função única HP Laser 107w com wifi cinza e preta 110V - 127V 4ZB78A,999
Samsung Galaxy A54 5G Dual SIM 128 GB preto 8 GB RAM,1999
"Monitor Acer V6 V206HQL Abi LCD 19.5"" preto 100V/240V",419
Bicicleta Aro 29 Krw Alumínio 24 Vel Freio A Disco X42,923
Azeite de Oliva Tipo Único Português Andorinha Clássicos Garrafa 2l,109
"Notebook Acer A315-59-51yg I5 8gb 256gb Ssd 15,6'' W11h Cor Prateado",2649
Máquina de lavar semi-automática Mueller Big - 20kg preta 127 V,569
Vinho Tinto Carmenere Vik A 750ml,109
Kit 4 Refletor Led Holofote 200w Ip66 Bivolt Branco Frio,166
Kit Com 10 Cuecas Zorba Boxer Algodão Sem Costura Zorba Box,147
Papel Sulfite Oficio A4 Resma Com 2 De 500 Folhas Multiuso,58
Kit 10 Painel Plafon Led 18w Embutir Quadrado Luminária,129
Notebook Ultra Ub440 Processador Intel Core I3 - 10110u 4gb Memoria Ram 120gb Ssd Intel Hd Graphics Tela 14  Windows 11 Prata,1599
Geladeira frost free Consul CRM39A inox com freezer 340L 110V,2899
Fogão Cooktop Fischer 4Q Fit Line Gás Mesa Vidro 26342-57175 preto 127V/220V,559
Cooktop 5 Bocas Itatiaia Electra Tripla Chama Preto Bivolt,579
"Monitor gamer LG 24ML600M led 23.8"" preto 100V/240V",638
Kit 3 Pares Meias Lupo Cano Longo Masculina Atacado Original,46
Capa Compatível De iPad 7a 8a 9a Ger 10.2 Wb Espaço P Pencil,159
Short Praia Masculino Bermuda Verão Academia Treino Corrida,33
Fogão cooktop gás 2Q Mesa Vidro Fischer 7726  -11474 127V/220V,349
Irrigador Oral Limpador Bucal Dental Jet Clean Relaxmedic,329
Motorola Moto G84 5G Dual SIM 256 GB azul-claro 8 GB RAM,1798
Ducha Higiênica Luxo Metal Cromado Acionamento 1/4 De Volta,39
Smart Tv 50'' Ptv50g7er2cpbl 4k Led Roku Philco Bivolt,1959
Máquina De Fazer Bolo 110 V/220v Máquina De Rosquinhas,212
Notebook Positivo Motion C8240gi-15 Celeron 8gb 240gb Ssd,1289
"Notebook Positivo Motion C4500Ei cinza 14.1"", Intel Celeron N3350  4GB de RAM 500GB HDD, Intel HD Graphics 500 1366x768px Linux Debian 10",979
Forno De Embutir Elétrico COB84 84L Com Grill Prata Consul 220V,1699
Manta Asfáltica Adesiva Aluminizada - 90cm X 10m,174
Smartphone Infinix Hot 30i 6.6 Hd+ 90hz 128gb 8gb Ram  50mp Preto,999
Kit 3 Shorts Praia Masculino Bermudas Verão Academia Treino ,97
Controle joystick sem fio Microsoft Xbox Wireless Controller Series X|S electric volt,379
Vinho Português Esporão Pé Tinto 750ml,35
Pré Hormonal Testo Dilated - 120 Cápsulas,37
Mini Liquidificador Portátil Shake Take Juice Cup Recarregav,39
Carregador Bateria Estacionária 8ah 12v Certificado Inmetro,227
Forno de bancada elétrico Layr Advanced Luxo inox 2.4 46L aço inoxidável 127V,1099
"Monitor gamer LG UltraWide 34WP550 LCD 34"" preto 100V/240V",1849
Massageador Tens Anvisa Eletrochoque Fisioterapia Relaxmedic,139
Pneu Itaro IT203 175/75R14 86 T,249
Micro-ondas 34l Black Glass Nn-st66nbrun Panasonic 110v,859
Tênis Casual Olympikus Eros Masculino,167
Kit C/ 5 Calcinhas Fitness Com Compressão Para Barriga,38
Console Playstation 5 Sony Standard 825gb Ssd,4499
Smartphone Motorola Moto E13 64gb +10 Audiolivros Audiobooks,599
Cafeteira Nescafé Dolce Gusto Genio S Plus Dgs3 Vermelha Cor Vermelho 220V,459
"Smart TV LG AI ThinQ 75UP8050PSB LED webOS 6.0 4K 75"" 100V/240V",5099
Máquina De Lavar 16kg Tira Manchas Bwk16ab Branca Brastemp Cor Branco 110V,2199
Duracell CEF-14 110V-204V com 4 pilhas 2500mah,169
Vinho Tinto Português Bons Ventos 750ml,38
Câmera web Webookers WB Full HD 1080P WB Full HD 30FPS cor preto,149
Desumidificador Blue Air 500 Ml Relaxmedic - Bivolt,324
Secadora De Roupa Mueller Solaris 8kg Timer De 120 Minutos,509
Notebook Compaq Presario 5110 Snapdragon 4gb 128gb 15   W11 Cor Azul-escuro,1299
Notebook Vaio Fe14 14 Fhd I5-10210u Ssd 256gb 8gb Linux,2399
Motorola Moto G54 5G Dual SIM 128 GB cinza-escuro 4 GB RAM,1269
Nintendo Switch Lite 32GB Standard cor  azul-turquesa,1249
